tourney_date,tourney_name,tourney_level,winner_name,loser_name,score,gender
20240101,Shanghai Masters,Masters 1000,Belinda Bencic,Diana Shnaider,7 6 3 12,W
20240103,Monte Carlo Masters,Masters 1000,Jasmine Paolini,Belinda Bencic,7 6 5 11,W
20240105,Wimbledon,Grand Slam,Alexander Zverev,Tommy Paul,6 6,M
20240107,Rome Masters,Masters 1000,Iga Swiatek,Beatriz Haddad Maia,6 6 4 12,W
20240109,Miami Masters,Masters 1000,Andriy Rublev,Casper Ruud,6 6,M
20240111,Paris Masters,Masters 1000,Belinda Bencic,Amanda Anisimova,6 6,W
20240113,Miami Masters,Masters 1000,Elena Rybakina,Coco Gauff,6 7 4 13,W
20240115,Monte Carlo Masters,Masters 1000,Carlos Alcaraz,Arthur Fils,6 7,M
20240117,Canada Masters,Masters 1000,Carlos Alcaraz,Ben Shelton,6 6,M
20240119,Shanghai Masters,Masters 1000,Diana Shnaider,Anna Karolina Schmiedlova,6 7,W
20240121,Shanghai Masters,Masters 1000,Daniil Medvedev,Andriy Rublev,7 6,M
20240123,Monte Carlo Masters,Masters 1000,Karolina Muchova,Liudmila Samsonova,7 7,W
20240125,Australian Open,Grand Slam,Elena Rybakina,Jasmine Paolini,6 7 4 13,W
20240127,Wimbledon,Grand Slam,Marketa Vondrousova,Jeļena Ostapenko,6 6,W
20240129,Australian Open,Grand Slam,Taylor Fritz,Andriy Rublev,6 7 5 10,M
20240131,Wimbledon,Grand Slam,Diana Shnaider,Coco Gauff,6 7,W
20240202,US Open,Grand Slam,Carlos Alcaraz,Hubert Hurkacz,7 6 3 12,M
20240204,Shanghai Masters,Masters 1000,Arthur Fils,Grigor Dimitrov,7 7,M
20240206,Australian Open,Grand Slam,Elina Svitolina,Jeļena Ostapenko,6 7,W
20240208,Miami Masters,Masters 1000,Belinda Bencic,Jeļena Ostapenko,7 7,W
20240210,Monte Carlo Masters,Masters 1000,Casper Ruud,Felix Auger-Aliassime,7 7 4 11,M
20240212,Monte Carlo Masters,Masters 1000,Aryna Sabalenka,Magdalena Fręch,6 7,W
20240214,Monte Carlo Masters,Masters 1000,Coco Gauff,Mirra Andreeva,6 6 5 10,W
20240216,Australian Open,Grand Slam,Mirra Andreeva,Marketa Vondrousova,6 7 3 10,W
20240218,Shanghai Masters,Masters 1000,Lorenzo Musetti,Arthur Fils,7 7,M
20240220,Shanghai Masters,Masters 1000,Daniil Medvedev,Andriy Rublev,6 6,M
20240222,Canada Masters,Masters 1000,Coco Gauff,Marketa Vondrousova,7 6 3 13,W
20240224,Wimbledon,Grand Slam,Coco Gauff,Diana Shnaider,7 7,W
20240226,Australian Open,Grand Slam,Novak Djokovic,Hubert Hurkacz,6 7 4 13,M
20240228,Australian Open,Grand Slam,Jannik Sinner,Taylor Fritz,6 7 5 11,M
20240301,Rome Masters,Masters 1000,Jasmine Paolini,Marketa Vondrousova,7 6,W
20240303,Paris Masters,Masters 1000,Taylor Fritz,Andriy Rublev,6 7,M
20240305,US Open,Grand Slam,Jessica Pegula,Madison Keys,6 7 3 11,W
20240307,Madrid Masters,Masters 1000,Jannik Sinner,Felix Auger-Aliassime,7 7 3 13,M
20240309,US Open,Grand Slam,Daniil Medvedev,Grigor Dimitrov,6 6 3 12,M
20240311,US Open,Grand Slam,Grigor Dimitrov,Stefanos Tsitsipas,6 7 4 10,M
20240313,Wimbledon,Grand Slam,Jessica Pegula,Marketa Vondrousova,7 6,W
20240315,Australian Open,Grand Slam,Ben Shelton,Sebastian Korda,7 6,M
20240317,French Open,Grand Slam,Hubert Hurkacz,Ben Shelton,7 6 5 12,M
20240319,Australian Open,Grand Slam,Novak Djokovic,Carlos Alcaraz,6 6,M
20240321,Cincinnati Masters,Masters 1000,Jasmine Paolini,Coco Gauff,7 7 5 11,W
20240323,Monte Carlo Masters,Masters 1000,Hubert Hurkacz,Lorenzo Musetti,7 6,M
20240325,US Open,Grand Slam,Alexander Zverev,Casper Ruud,7 7 4 13,M
20240327,Monte Carlo Masters,Masters 1000,Coco Gauff,Jessica Pegula,7 7,W
20240329,Monte Carlo Masters,Masters 1000,Elena Rybakina,Liudmila Samsonova,7 7 5 11,W
20240331,Australian Open,Grand Slam,Anna Karolina Schmiedlova,Diana Shnaider,7 7,W
20240402,Paris Masters,Masters 1000,Ben Shelton,Daniil Medvedev,6 6,M
20240404,Canada Masters,Masters 1000,Carlos Alcaraz,Lorenzo Musetti,7 7 5 10,M
20240406,Paris Masters,Masters 1000,Alex de Minaur,Lorenzo Musetti,7 7 5 11,M
20240408,Monte Carlo Masters,Masters 1000,Felix Auger-Aliassime,Daniil Medvedev,7 7,M
20240410,Madrid Masters,Masters 1000,Alexander Zverev,Daniil Medvedev,6 6,M
20240412,Rome Masters,Masters 1000,Jannik Sinner,Jakub Mensik,6 6,M
20240414,Rome Masters,Masters 1000,Hubert Hurkacz,Felix Auger-Aliassime,7 7 4 13,M
20240416,US Open,Grand Slam,Elena Rybakina,Liudmila Samsonova,7 7 3 12,W
20240418,Wimbledon,Grand Slam,Marketa Vondrousova,Beatriz Haddad Maia,7 7,W
20240420,Cincinnati Masters,Masters 1000,Tommy Paul,Hubert Hurkacz,7 6 5 12,M
20240422,Monte Carlo Masters,Masters 1000,Iga Swiatek,Diana Shnaider,7 7 3 12,W
20240424,Australian Open,Grand Slam,Daniil Medvedev,Sebastian Korda,7 7 5 12,M
20240426,French Open,Grand Slam,Jessica Pegula,Liudmila Samsonova,6 7,W
20240428,Canada Masters,Masters 1000,Novak Djokovic,Alex de Minaur,7 6,M
20240430,French Open,Grand Slam,Taylor Fritz,Grigor Dimitrov,6 7 5 10,M
20240502,Madrid Masters,Masters 1000,Marketa Vondrousova,Magdalena Fręch,7 7 5 10,W
20240504,Canada Masters,Masters 1000,Victoria Azarenka,Beatriz Haddad Maia,6 7 3 11,W
20240506,French Open,Grand Slam,Lorenzo Musetti,Casper Ruud,6 7,M
20240508,Shanghai Masters,Masters 1000,Diana Shnaider,Mirra Andreeva,6 6 5 11,W
20240510,Wimbledon,Grand Slam,Beatriz Haddad Maia,Liudmila Samsonova,6 6,W
20240512,Cincinnati Masters,Masters 1000,Daniil Medvedev,Casper Ruud,7 6,M
20240514,Cincinnati Masters,Masters 1000,Coco Gauff,Madison Keys,6 7,W
20240516,Australian Open,Grand Slam,Anna Karolina Schmiedlova,Beatriz Haddad Maia,6 7,W
20240518,Wimbledon,Grand Slam,Amanda Anisimova,Belinda Bencic,7 7,W
20240520,French Open,Grand Slam,Daniil Medvedev,Stefanos Tsitsipas,6 6 5 11,M
20240522,Cincinnati Masters,Masters 1000,Coco Gauff,Magdalena Fręch,6 7 3 10,W
20240524,Wimbledon,Grand Slam,Amanda Anisimova,Jeļena Ostapenko,7 6 5 13,W
20240526,Cincinnati Masters,Masters 1000,Tommy Paul,Felix Auger-Aliassime,7 7 5 10,M
20240528,Paris Masters,Masters 1000,Alex de Minaur,Jakub Mensik,6 7 3 10,M
20240530,Shanghai Masters,Masters 1000,Ben Shelton,Tommy Paul,7 7 3 10,M
20240601,Australian Open,Grand Slam,Victoria Azarenka,Elena Rybakina,6 7 3 10,W
20240603,US Open,Grand Slam,Jannik Sinner,Andriy Rublev,7 7 5 10,M
20240605,Miami Masters,Masters 1000,Lorenzo Musetti,Daniil Medvedev,7 7 5 10,M
20240607,Rome Masters,Masters 1000,Coco Gauff,Victoria Azarenka,6 6,W
20240609,Shanghai Masters,Masters 1000,Sebastian Korda,Grigor Dimitrov,6 7 4 12,M
20240611,Miami Masters,Masters 1000,Daniil Medvedev,Hubert Hurkacz,6 6,M
20240613,Miami Masters,Masters 1000,Amanda Anisimova,Diana Shnaider,7 7,W
20240615,Wimbledon,Grand Slam,Felix Auger-Aliassime,Stefanos Tsitsipas,7 6,M
20240617,French Open,Grand Slam,Tommy Paul,Grigor Dimitrov,7 7,M
20240619,Australian Open,Grand Slam,Alex de Minaur,Casper Ruud,6 6 5 10,M
20240621,Miami Masters,Masters 1000,Karolina Muchova,Beatriz Haddad Maia,7 6,W
20240623,Cincinnati Masters,Masters 1000,Mirra Andreeva,Diana Shnaider,7 6 3 10,W
20240625,French Open,Grand Slam,Grigor Dimitrov,Andriy Rublev,6 7 4 13,M
20240627,Madrid Masters,Masters 1000,Novak Djokovic,Hubert Hurkacz,6 7 3 11,M
20240629,US Open,Grand Slam,Jakub Mensik,Andriy Rublev,6 6 3 12,M
20240701,US Open,Grand Slam,Elena Rybakina,Marketa Vondrousova,6 7,W
20240703,Paris Masters,Masters 1000,Stefanos Tsitsipas,Felix Auger-Aliassime,6 6 5 10,M
20240705,Wimbledon,Grand Slam,Casper Ruud,Andriy Rublev,7 7 4 10,M
20240707,French Open,Grand Slam,Casper Ruud,Andriy Rublev,7 7 4 11,M
20240709,Monte Carlo Masters,Masters 1000,Stefanos Tsitsipas,Felix Auger-Aliassime,6 6 3 10,M
20240711,Monte Carlo Masters,Masters 1000,Magdalena Fręch,Liudmila Samsonova,7 6 4 12,W
20240713,Wimbledon,Grand Slam,Carlos Alcaraz,Grigor Dimitrov,7 6 3 12,M
20240715,Shanghai Masters,Masters 1000,Jakub Mensik,Daniil Medvedev,7 6 3 10,M
20240717,Australian Open,Grand Slam,Carlos Alcaraz,Daniil Medvedev,7 7 5 13,M
20240719,French Open,Grand Slam,Mirra Andreeva,Madison Keys,7 7 4 11,W
20240721,Wimbledon,Grand Slam,Victoria Azarenka,Karolina Muchova,6 7,W
20240723,Australian Open,Grand Slam,Elena Rybakina,Jeļena Ostapenko,7 6,W
20240725,Monte Carlo Masters,Masters 1000,Tommy Paul,Taylor Fritz,6 6,M
20240727,Madrid Masters,Masters 1000,Taylor Fritz,Casper Ruud,6 7 3 10,M
20240729,Monte Carlo Masters,Masters 1000,Elena Rybakina,Anna Karolina Schmiedlova,7 6,W
20240731,Madrid Masters,Masters 1000,Karolina Muchova,Coco Gauff,6 7 5 10,W
20240802,US Open,Grand Slam,Felix Auger-Aliassime,Alex de Minaur,7 7,M
20240804,Paris Masters,Masters 1000,Stefanos Tsitsipas,Sebastian Korda,6 7,M
20240806,French Open,Grand Slam,Jannik Sinner,Daniil Medvedev,7 7 4 10,M
20240808,Australian Open,Grand Slam,Iga Swiatek,Belinda Bencic,6 7,W
20240810,Miami Masters,Masters 1000,Grigor Dimitrov,Tommy Paul,6 6,M
20240812,Miami Masters,Masters 1000,Elena Rybakina,Magdalena Fręch,6 6 4 12,W
20240814,Madrid Masters,Masters 1000,Carlos Alcaraz,Grigor Dimitrov,7 6,M
20240816,Wimbledon,Grand Slam,Jasmine Paolini,Madison Keys,6 7 5 12,W
20240818,Miami Masters,Masters 1000,Beatriz Haddad Maia,Jeļena Ostapenko,7 6 4 12,W
20240820,French Open,Grand Slam,Alex de Minaur,Daniil Medvedev,6 6,M
20240822,Rome Masters,Masters 1000,Novak Djokovic,Taylor Fritz,7 7,M
20240824,Miami Masters,Masters 1000,Daniil Medvedev,Andriy Rublev,7 7 4 12,M
20240826,Cincinnati Masters,Masters 1000,Carlos Alcaraz,Sebastian Korda,7 7,M
20240828,Shanghai Masters,Masters 1000,Hubert Hurkacz,Sebastian Korda,6 7,M
20240830,Rome Masters,Masters 1000,Lorenzo Musetti,Daniil Medvedev,7 6,M
20240901,Canada Masters,Masters 1000,Mirra Andreeva,Anna Karolina Schmiedlova,7 6 3 13,W
20240903,Shanghai Masters,Masters 1000,Daniil Medvedev,Daniil Medvedev,7 7,M
20240905,Monte Carlo Masters,Masters 1000,Elina Svitolina,Liudmila Samsonova,7 6 3 11,W
20240907,Miami Masters,Masters 1000,Stefanos Tsitsipas,Felix Auger-Aliassime,7 6 5 13,M
20240909,Cincinnati Masters,Masters 1000,Ben Shelton,Alexander Zverev,6 7 5 10,M
20240911,Shanghai Masters,Masters 1000,Amanda Anisimova,Anna Karolina Schmiedlova,7 7 5 11,W
20240913,Cincinnati Masters,Masters 1000,Marketa Vondrousova,Liudmila Samsonova,7 7,W
20240915,Paris Masters,Masters 1000,Coco Gauff,Madison Keys,7 7,W
20240917,Cincinnati Masters,Masters 1000,Coco Gauff,Mirra Andreeva,7 6,W
20240919,Australian Open,Grand Slam,Anna Karolina Schmiedlova,Diana Shnaider,7 7 4 13,W
20240921,Wimbledon,Grand Slam,Ben Shelton,Andriy Rublev,6 7 5 13,M
20240923,French Open,Grand Slam,Victoria Azarenka,Liudmila Samsonova,7 6 4 10,W
20240925,Miami Masters,Masters 1000,Elena Rybakina,Mirra Andreeva,6 6 3 10,W
20240927,Australian Open,Grand Slam,Arthur Fils,Jakub Mensik,6 7 3 11,M
20240929,Shanghai Masters,Masters 1000,Taylor Fritz,Hubert Hurkacz,6 6,M
20241001,Miami Masters,Masters 1000,Diana Shnaider,Victoria Azarenka,7 6,W
20241003,Rome Masters,Masters 1000,Ben Shelton,Tommy Paul,7 6,M
20241005,Shanghai Masters,Masters 1000,Ben Shelton,Lorenzo Musetti,6 7,M
20241007,Rome Masters,Masters 1000,Lorenzo Musetti,Grigor Dimitrov,7 7,M
20241009,Madrid Masters,Masters 1000,Jakub Mensik,Arthur Fils,7 6 3 11,M
20241011,Shanghai Masters,Masters 1000,Novak Djokovic,Hubert Hurkacz,6 6,M
20241013,Canada Masters,Masters 1000,Felix Auger-Aliassime,Jakub Mensik,6 7,M
20241015,Miami Masters,Masters 1000,Sebastian Korda,Andriy Rublev,6 7,M
20241017,Australian Open,Grand Slam,Tommy Paul,Ben Shelton,7 6,M
20241019,Shanghai Masters,Masters 1000,Coco Gauff,Beatriz Haddad Maia,6 6,W
20241021,Shanghai Masters,Masters 1000,Daniil Medvedev,Tommy Paul,7 7 5 12,M
20241023,Cincinnati Masters,Masters 1000,Tommy Paul,Hubert Hurkacz,6 7 3 11,M
20241025,Monte Carlo Masters,Masters 1000,Arthur Fils,Alex de Minaur,6 7,M
20241027,Canada Masters,Masters 1000,Carlos Alcaraz,Taylor Fritz,6 6,M
20241029,Rome Masters,Masters 1000,Liudmila Samsonova,Magdalena Fręch,6 6,W
20241031,US Open,Grand Slam,Elina Svitolina,Marketa Vondrousova,7 6 4 12,W
20241102,Australian Open,Grand Slam,Carlos Alcaraz,Arthur Fils,6 7,M
20241104,Monte Carlo Masters,Masters 1000,Daniil Medvedev,Taylor Fritz,6 7,M
20241106,Paris Masters,Masters 1000,Daniil Medvedev,Grigor Dimitrov,6 7,M
20241108,Rome Masters,Masters 1000,Taylor Fritz,Novak Djokovic,6 7,M
20241110,Madrid Masters,Masters 1000,Elena Rybakina,Jessica Pegula,6 7 5 10,W
20241112,Canada Masters,Masters 1000,Jasmine Paolini,Madison Keys,7 7,W
20241114,Wimbledon,Grand Slam,Alex de Minaur,Casper Ruud,6 7 4 11,M
20241116,Monte Carlo Masters,Masters 1000,Amanda Anisimova,Mirra Andreeva,6 6 5 11,W
20241118,Wimbledon,Grand Slam,Ben Shelton,Stefanos Tsitsipas,7 6 5 13,M
20241120,Madrid Masters,Masters 1000,Ben Shelton,Felix Auger-Aliassime,7 6 5 13,M
20241122,Miami Masters,Masters 1000,Karolina Muchova,Beatriz Haddad Maia,7 6,W
20241124,Cincinnati Masters,Masters 1000,Elina Svitolina,Marketa Vondrousova,7 6,W
20241126,Shanghai Masters,Masters 1000,Tommy Paul,Alexander Zverev,6 7 5 11,M
20241128,French Open,Grand Slam,Taylor Fritz,Novak Djokovic,6 6 4 11,M
20241130,Miami Masters,Masters 1000,Jakub Mensik,Ben Shelton,7 7 4 13,M
20241202,Shanghai Masters,Masters 1000,Karolina Muchova,Elina Svitolina,6 7,W
20241204,Wimbledon,Grand Slam,Andriy Rublev,Taylor Fritz,7 7 5 10,M
20241206,US Open,Grand Slam,Aryna Sabalenka,Liudmila Samsonova,6 6,W
20241208,Paris Masters,Masters 1000,Daniil Medvedev,Ben Shelton,7 7 4 10,M
20241210,US Open,Grand Slam,Ben Shelton,Arthur Fils,7 7,M
20241212,Cincinnati Masters,Masters 1000,Jessica Pegula,Amanda Anisimova,6 6,W
20241214,Miami Masters,Masters 1000,Ben Shelton,Casper Ruud,6 6 5 11,M
20241216,French Open,Grand Slam,Marketa Vondrousova,Jeļena Ostapenko,7 6 5 11,W
20241218,Wimbledon,Grand Slam,Elena Rybakina,Diana Shnaider,7 7 3 11,W
20241220,Monte Carlo Masters,Masters 1000,Arthur Fils,Hubert Hurkacz,6 7,M
20241222,Canada Masters,Masters 1000,Belinda Bencic,Marketa Vondrousova,6 7 4 11,W
20241224,Monte Carlo Masters,Masters 1000,Jasmine Paolini,Jeļena Ostapenko,7 6 4 11,W
20241226,Monte Carlo Masters,Masters 1000,Jannik Sinner,Andriy Rublev,7 6,M
20241228,Wimbledon,Grand Slam,Coco Gauff,Madison Keys,6 7 5 10,W
20241230,Monte Carlo Masters,Masters 1000,Anna Karolina Schmiedlova,Iga Swiatek,6 6 5 11,W
20250101,Cincinnati Masters,Masters 1000,Jeļena Ostapenko,Anna Karolina Schmiedlova,6 6 3 13,W
20250103,Monte Carlo Masters,Masters 1000,Jannik Sinner,Casper Ruud,6 7 5 13,M
20250105,Rome Masters,Masters 1000,Iga Swiatek,Victoria Azarenka,7 7,W
20250107,French Open,Grand Slam,Stefanos Tsitsipas,Felix Auger-Aliassime,7 7 3 13,M
20250109,Miami Masters,Masters 1000,Carlos Alcaraz,Felix Auger-Aliassime,6 6,M
20250111,Cincinnati Masters,Masters 1000,Belinda Bencic,Mirra Andreeva,7 7,W
20250113,Wimbledon,Grand Slam,Victoria Azarenka,Jeļena Ostapenko,6 7 3 11,W
20250115,Shanghai Masters,Masters 1000,Elena Rybakina,Aryna Sabalenka,7 6 3 10,W
20250117,Paris Masters,Masters 1000,Daniil Medvedev,Casper Ruud,7 7 3 12,M
20250119,Australian Open,Grand Slam,Aryna Sabalenka,Madison Keys,7 6 5 10,W
20250121,Wimbledon,Grand Slam,Taylor Fritz,Sebastian Korda,7 6,M
20250123,Madrid Masters,Masters 1000,Jannik Sinner,Carlos Alcaraz,7 7,M
20250125,Australian Open,Grand Slam,Andriy Rublev,Felix Auger-Aliassime,6 7,M
20250127,Monte Carlo Masters,Masters 1000,Alex de Minaur,Arthur Fils,6 6,M
20250129,Rome Masters,Masters 1000,Elina Svitolina,Diana Shnaider,7 6,W
20250131,Paris Masters,Masters 1000,Daniil Medvedev,Grigor Dimitrov,6 7 4 10,M
20250202,Paris Masters,Masters 1000,Alexander Zverev,Felix Auger-Aliassime,6 7 5 11,M
20250204,Paris Masters,Masters 1000,Jakub Mensik,Grigor Dimitrov,7 6,M
20250206,Madrid Masters,Masters 1000,Jakub Mensik,Hubert Hurkacz,6 6 5 12,M
20250208,French Open,Grand Slam,Jessica Pegula,Madison Keys,6 7,W
20250210,Canada Masters,Masters 1000,Ben Shelton,Felix Auger-Aliassime,7 7 4 11,M
20250212,Wimbledon,Grand Slam,Casper Ruud,Taylor Fritz,6 6 5 11,M
20250214,Paris Masters,Masters 1000,Ben Shelton,Arthur Fils,7 7,M
20250216,Paris Masters,Masters 1000,Carlos Alcaraz,Grigor Dimitrov,6 7 4 12,M
20250218,Paris Masters,Masters 1000,Daniil Medvedev,Alex de Minaur,7 6,M
20250220,French Open,Grand Slam,Daniil Medvedev,Lorenzo Musetti,6 6,M
20250222,Canada Masters,Masters 1000,Elena Rybakina,Jeļena Ostapenko,6 6 4 10,W
20250224,Rome Masters,Masters 1000,Stefanos Tsitsipas,Grigor Dimitrov,6 7,M
20250226,Shanghai Masters,Masters 1000,Daniil Medvedev,Daniil Medvedev,7 7 5 13,M
20250228,Wimbledon,Grand Slam,Belinda Bencic,Jeļena Ostapenko,7 7 4 13,W
20250302,Paris Masters,Masters 1000,Novak Djokovic,Taylor Fritz,7 6,M
20250304,Cincinnati Masters,Masters 1000,Stefanos Tsitsipas,Alex de Minaur,6 6,M
20250306,Miami Masters,Masters 1000,Carlos Alcaraz,Andriy Rublev,7 6 5 12,M
20250308,Monte Carlo Masters,Masters 1000,Tommy Paul,Grigor Dimitrov,6 7 4 10,M
20250310,Cincinnati Masters,Masters 1000,Mirra Andreeva,Anna Karolina Schmiedlova,7 7 4 13,W
20250312,Miami Masters,Masters 1000,Carlos Alcaraz,Sebastian Korda,7 7 4 10,M
20250314,Madrid Masters,Masters 1000,Belinda Bencic,Madison Keys,6 7,W
20250316,Paris Masters,Masters 1000,Coco Gauff,Victoria Azarenka,7 6 4 10,W
20250318,French Open,Grand Slam,Jessica Pegula,Mirra Andreeva,7 6 4 13,W
20250320,Monte Carlo Masters,Masters 1000,Sebastian Korda,Tommy Paul,7 6,M
20250322,US Open,Grand Slam,Jessica Pegula,Coco Gauff,7 6,W
20250324,US Open,Grand Slam,Coco Gauff,Anna Karolina Schmiedlova,7 7,W
20250326,French Open,Grand Slam,Jeļena Ostapenko,Amanda Anisimova,7 6,W
20250328,Canada Masters,Masters 1000,Jeļena Ostapenko,Magdalena Fręch,6 6 5 13,W
20250330,French Open,Grand Slam,Coco Gauff,Jessica Pegula,6 6,W
20250401,Madrid Masters,Masters 1000,Felix Auger-Aliassime,Taylor Fritz,6 6,M
20250403,Miami Masters,Masters 1000,Jessica Pegula,Marketa Vondrousova,7 7 3 12,W
20250405,Australian Open,Grand Slam,Casper Ruud,Taylor Fritz,7 6,M
20250407,Australian Open,Grand Slam,Carlos Alcaraz,Andriy Rublev,6 6,M
20250409,Canada Masters,Masters 1000,Beatriz Haddad Maia,Jasmine Paolini,7 6,W
20250411,Australian Open,Grand Slam,Alexander Zverev,Daniil Medvedev,6 7,M
20250413,Monte Carlo Masters,Masters 1000,Carlos Alcaraz,Stefanos Tsitsipas,6 7 3 10,M
20250415,French Open,Grand Slam,Novak Djokovic,Lorenzo Musetti,7 6 4 11,M
20250417,Miami Masters,Masters 1000,Beatriz Haddad Maia,Madison Keys,6 6 3 12,W
20250419,US Open,Grand Slam,Daniil Medvedev,Ben Shelton,7 7 3 11,M
20250421,Monte Carlo Masters,Masters 1000,Ben Shelton,Lorenzo Musetti,7 6 3 11,M
20250423,Cincinnati Masters,Masters 1000,Belinda Bencic,Coco Gauff,7 6,W
20250425,US Open,Grand Slam,Marketa Vondrousova,Mirra Andreeva,6 6 4 13,W
20250427,Miami Masters,Masters 1000,Andriy Rublev,Alex de Minaur,7 7,M
20250429,Paris Masters,Masters 1000,Mirra Andreeva,Jessica Pegula,7 7,W
20250501,US Open,Grand Slam,Stefanos Tsitsipas,Tommy Paul,6 6,M
20250503,Australian Open,Grand Slam,Taylor Fritz,Hubert Hurkacz,6 6 4 10,M
20250505,French Open,Grand Slam,Daniil Medvedev,Tommy Paul,7 7 3 13,M
20250507,Cincinnati Masters,Masters 1000,Carlos Alcaraz,Arthur Fils,6 6 4 10,M
20250509,Monte Carlo Masters,Masters 1000,Arthur Fils,Tommy Paul,7 7 4 13,M
20250511,Paris Masters,Masters 1000,Alex de Minaur,Carlos Alcaraz,7 6 5 12,M
20250513,French Open,Grand Slam,Elena Rybakina,Coco Gauff,6 7,W
20250515,Canada Masters,Masters 1000,Stefanos Tsitsipas,Jakub Mensik,6 7 4 10,M
20250517,Madrid Masters,Masters 1000,Jasmine Paolini,Diana Shnaider,7 6 3 12,W
20250519,US Open,Grand Slam,Taylor Fritz,Grigor Dimitrov,7 6 4 13,M
20250521,Paris Masters,Masters 1000,Belinda Bencic,Beatriz Haddad Maia,7 7,W
20250523,Madrid Masters,Masters 1000,Jeļena Ostapenko,Elina Svitolina,7 6,W
20250525,French Open,Grand Slam,Daniil Medvedev,Taylor Fritz,6 7,M
20250527,Madrid Masters,Masters 1000,Ben Shelton,Tommy Paul,7 7,M
20250529,Monte Carlo Masters,Masters 1000,Magdalena Fręch,Anna Karolina Schmiedlova,7 7,W
20250531,Madrid Masters,Masters 1000,Iga Swiatek,Diana Shnaider,7 6 3 11,W
20250602,Monte Carlo Masters,Masters 1000,Mirra Andreeva,Jeļena Ostapenko,6 7 4 10,W
20250604,US Open,Grand Slam,Jannik Sinner,Casper Ruud,6 7,M
20250606,Shanghai Masters,Masters 1000,Elena Rybakina,Beatriz Haddad Maia,7 6 5 10,W
20250608,US Open,Grand Slam,Ben Shelton,Daniil Medvedev,7 6,M
20250610,Canada Masters,Masters 1000,Novak Djokovic,Hubert Hurkacz,7 6 5 10,M
20250612,Madrid Masters,Masters 1000,Felix Auger-Aliassime,Grigor Dimitrov,6 6 5 12,M
20250614,US Open,Grand Slam,Daniil Medvedev,Stefanos Tsitsipas,6 6 5 13,M
20250616,Australian Open,Grand Slam,Madison Keys,Elena Rybakina,6 6 5 11,W
20250618,Rome Masters,Masters 1000,Elina Svitolina,Marketa Vondrousova,6 6,W
20250620,US Open,Grand Slam,Amanda Anisimova,Beatriz Haddad Maia,6 6 3 10,W
20250622,French Open,Grand Slam,Novak Djokovic,Arthur Fils,6 6,M
20250624,Australian Open,Grand Slam,Alexander Zverev,Casper Ruud,6 6 5 12,M
20250626,Wimbledon,Grand Slam,Lorenzo Musetti,Daniil Medvedev,7 7,M
20250628,Canada Masters,Masters 1000,Elina Svitolina,Madison Keys,6 7,W
20250630,Australian Open,Grand Slam,Lorenzo Musetti,Alex de Minaur,6 6,M
20250702,Rome Masters,Masters 1000,Daniil Medvedev,Felix Auger-Aliassime,7 6,M
20250704,Canada Masters,Masters 1000,Andriy Rublev,Ben Shelton,7 6 4 12,M
20250706,US Open,Grand Slam,Marketa Vondrousova,Liudmila Samsonova,6 6 3 12,W
20250708,Monte Carlo Masters,Masters 1000,Elena Rybakina,Amanda Anisimova,6 7 3 13,W
20250710,Wimbledon,Grand Slam,Casper Ruud,Grigor Dimitrov,7 7 5 11,M
20250712,Paris Masters,Masters 1000,Jasmine Paolini,Karolina Muchova,7 6,W
20250714,Cincinnati Masters,Masters 1000,Carlos Alcaraz,Lorenzo Musetti,6 7,M
20250716,Shanghai Masters,Masters 1000,Coco Gauff,Madison Keys,6 7 5 11,W
20250718,Shanghai Masters,Masters 1000,Alexander Zverev,Carlos Alcaraz,7 6 5 13,M
20250720,Paris Masters,Masters 1000,Ben Shelton,Arthur Fils,6 7,M
20250722,Rome Masters,Masters 1000,Jakub Mensik,Daniil Medvedev,6 7,M
20250724,US Open,Grand Slam,Liudmila Samsonova,Anna Karolina Schmiedlova,7 7,W
20250726,Miami Masters,Masters 1000,Jeļena Ostapenko,Belinda Bencic,6 7 4 12,W
20250728,Wimbledon,Grand Slam,Jannik Sinner,Alexander Zverev,6 7 4 10,M
20250730,Rome Masters,Masters 1000,Taylor Fritz,Andriy Rublev,7 7 5 12,M
20250801,French Open,Grand Slam,Victoria Azarenka,Anna Karolina Schmiedlova,7 7,W
20250803,Miami Masters,Masters 1000,Alexander Zverev,Sebastian Korda,7 6,M
20250805,Shanghai Masters,Masters 1000,Jeļena Ostapenko,Karolina Muchova,6 6,W
20250807,Wimbledon,Grand Slam,Felix Auger-Aliassime,Ben Shelton,7 6,M
20250809,Miami Masters,Masters 1000,Elina Svitolina,Beatriz Haddad Maia,7 6,W
20250811,Madrid Masters,Masters 1000,Jeļena Ostapenko,Karolina Muchova,7 7,W
20250813,Miami Masters,Masters 1000,Elena Rybakina,Diana Shnaider,6 6 3 10,W
20250815,Rome Masters,Masters 1000,Karolina Muchova,Madison Keys,6 6,W
20250817,Wimbledon,Grand Slam,Alex de Minaur,Grigor Dimitrov,6 7,M
20250819,Paris Masters,Masters 1000,Carlos Alcaraz,Lorenzo Musetti,7 7 5 10,M
20250821,US Open,Grand Slam,Stefanos Tsitsipas,Lorenzo Musetti,7 6,M
20250823,Cincinnati Masters,Masters 1000,Iga Swiatek,Karolina Muchova,6 6,W
20250825,Wimbledon,Grand Slam,Karolina Muchova,Liudmila Samsonova,6 7,W
20250827,Shanghai Masters,Masters 1000,Casper Ruud,Alexander Zverev,6 6,M
20250829,Wimbledon,Grand Slam,Victoria Azarenka,Magdalena Fręch,7 6,W
20250831,Wimbledon,Grand Slam,Amanda Anisimova,Liudmila Samsonova,6 7,W
20250902,Miami Masters,Masters 1000,Andriy Rublev,Hubert Hurkacz,7 6,M
20250904,Canada Masters,Masters 1000,Coco Gauff,Beatriz Haddad Maia,6 7,W
20250906,Canada Masters,Masters 1000,Stefanos Tsitsipas,Jakub Mensik,7 7,M
20250908,Canada Masters,Masters 1000,Alexander Zverev,Arthur Fils,7 7,M
20250910,Shanghai Masters,Masters 1000,Daniil Medvedev,Arthur Fils,7 7 3 10,M
20250912,Paris Masters,Masters 1000,Aryna Sabalenka,Anna Karolina Schmiedlova,7 7 5 10,W
20250914,Paris Masters,Masters 1000,Ben Shelton,Lorenzo Musetti,7 6 5 10,M
20250916,Canada Masters,Masters 1000,Alexander Zverev,Daniil Medvedev,7 6,M
20250918,Shanghai Masters,Masters 1000,Lorenzo Musetti,Grigor Dimitrov,6 6 4 12,M
20250920,US Open,Grand Slam,Jannik Sinner,Stefanos Tsitsipas,7 6,M
20250922,Rome Masters,Masters 1000,Novak Djokovic,Felix Auger-Aliassime,7 7 3 12,M
20250924,Canada Masters,Masters 1000,Ben Shelton,Alex de Minaur,6 7,M
20250926,Miami Masters,Masters 1000,Elena Rybakina,Victoria Azarenka,6 7 3 13,W
20250928,Miami Masters,Masters 1000,Lorenzo Musetti,Stefanos Tsitsipas,7 7 5 11,M
20250930,Monte Carlo Masters,Masters 1000,Grigor Dimitrov,Stefanos Tsitsipas,7 7,M
20251002,Miami Masters,Masters 1000,Liudmila Samsonova,Victoria Azarenka,7 6 5 11,W
20251004,Monte Carlo Masters,Masters 1000,Alex de Minaur,Jakub Mensik,7 7 5 12,M
20251006,Cincinnati Masters,Masters 1000,Sebastian Korda,Andriy Rublev,7 6 3 12,M
20251008,Wimbledon,Grand Slam,Taylor Fritz,Sebastian Korda,6 6,M
20251010,Miami Masters,Masters 1000,Mirra Andreeva,Liudmila Samsonova,7 6,W
20251012,Wimbledon,Grand Slam,Iga Swiatek,Diana Shnaider,6 7,W
20251014,Monte Carlo Masters,Masters 1000,Alexander Zverev,Jannik Sinner,7 7 3 11,M
20251016,US Open,Grand Slam,Grigor Dimitrov,Hubert Hurkacz,6 7 3 11,M
20251018,Rome Masters,Masters 1000,Daniil Medvedev,Alex de Minaur,7 6,M
20251020,Shanghai Masters,Masters 1000,Madison Keys,Jasmine Paolini,6 7,W
20251022,Monte Carlo Masters,Masters 1000,Karolina Muchova,Elina Svitolina,6 6,W
20251024,Shanghai Masters,Masters 1000,Iga Swiatek,Amanda Anisimova,7 6 5 11,W
20251026,Paris Masters,Masters 1000,Marketa Vondrousova,Anna Karolina Schmiedlova,7 6 4 13,W
20251028,Rome Masters,Masters 1000,Jessica Pegula,Belinda Bencic,6 6,W
20251030,Cincinnati Masters,Masters 1000,Jannik Sinner,Alex de Minaur,7 7 5 10,M
20251101,Cincinnati Masters,Masters 1000,Jasmine Paolini,Jeļena Ostapenko,7 6,W
20251103,Miami Masters,Masters 1000,Novak Djokovic,Alex de Minaur,6 7,M
20251105,Wimbledon,Grand Slam,Daniil Medvedev,Ben Shelton,6 7,M
20251107,Rome Masters,Masters 1000,Felix Auger-Aliassime,Taylor Fritz,6 6 3 10,M
20251109,Shanghai Masters,Masters 1000,Victoria Azarenka,Anna Karolina Schmiedlova,6 7 3 12,W
20251111,French Open,Grand Slam,Jasmine Paolini,Anna Karolina Schmiedlova,7 7,W
20251113,Madrid Masters,Masters 1000,Carlos Alcaraz,Lorenzo Musetti,6 6 5 12,M
20251115,Monte Carlo Masters,Masters 1000,Taylor Fritz,Stefanos Tsitsipas,7 7 5 12,M
20251117,Monte Carlo Masters,Masters 1000,Daniil Medvedev,Felix Auger-Aliassime,6 7 5 13,M
20251119,Australian Open,Grand Slam,Jannik Sinner,Arthur Fils,6 7 3 10,M
20251121,Madrid Masters,Masters 1000,Coco Gauff,Jeļena Ostapenko,7 7 4 12,W
20251123,Australian Open,Grand Slam,Carlos Alcaraz,Tommy Paul,7 6,M
20251125,Cincinnati Masters,Masters 1000,Elena Rybakina,Amanda Anisimova,7 6,W
20251127,Australian Open,Grand Slam,Tommy Paul,Daniil Medvedev,7 6,M
20251129,Rome Masters,Masters 1000,Sebastian Korda,Hubert Hurkacz,7 7,M
20251201,Cincinnati Masters,Masters 1000,Anna Karolina Schmiedlova,Jasmine Paolini,6 6 4 10,W
20251203,Cincinnati Masters,Masters 1000,Arthur Fils,Hubert Hurkacz,7 7 4 13,M
20251205,Miami Masters,Masters 1000,Sebastian Korda,Grigor Dimitrov,7 7 5 10,M
20251207,Madrid Masters,Masters 1000,Alexander Zverev,Novak Djokovic,7 6 3 13,M
20251209,Miami Masters,Masters 1000,Daniil Medvedev,Alex de Minaur,6 6 5 12,M
20251211,Miami Masters,Masters 1000,Lorenzo Musetti,Tommy Paul,6 7 4 13,M
20251213,Madrid Masters,Masters 1000,Belinda Bencic,Beatriz Haddad Maia,7 7 4 13,W
20251215,Shanghai Masters,Masters 1000,Tommy Paul,Stefanos Tsitsipas,6 7 3 13,M
20251217,Canada Masters,Masters 1000,Aryna Sabalenka,Jessica Pegula,6 7,W
20251219,Monte Carlo Masters,Masters 1000,Tommy Paul,Andriy Rublev,7 6 4 11,M
20251221,Wimbledon,Grand Slam,Felix Auger-Aliassime,Carlos Alcaraz,6 7 5 10,M
20251223,Wimbledon,Grand Slam,Lorenzo Musetti,Taylor Fritz,6 6,M
20251225,Paris Masters,Masters 1000,Victoria Azarenka,Magdalena Fręch,7 6 3 10,W
20251227,Australian Open,Grand Slam,Magdalena Fręch,Marketa Vondrousova,7 7 3 13,W
20251229,Canada Masters,Masters 1000,Daniil Medvedev,Alexander Zverev,6 6,M
20251231,Wimbledon,Grand Slam,Mirra Andreeva,Anna Karolina Schmiedlova,7 6 3 12,W
20260102,Cincinnati Masters,Masters 1000,Mirra Andreeva,Victoria Azarenka,7 6 4 13,W
20260104,French Open,Grand Slam,Hubert Hurkacz,Carlos Alcaraz,6 7,M
20260106,Miami Masters,Masters 1000,Mirra Andreeva,Anna Karolina Schmiedlova,6 7,W
20260108,Paris Masters,Masters 1000,Taylor Fritz,Alex de Minaur,7 7,M
20260110,Canada Masters,Masters 1000,Novak Djokovic,Tommy Paul,7 7 4 12,M
20260112,Madrid Masters,Masters 1000,Aryna Sabalenka,Liudmila Samsonova,6 7,W
20260114,Madrid Masters,Masters 1000,Andriy Rublev,Stefanos Tsitsipas,7 6 3 13,M
20260116,Wimbledon,Grand Slam,Aryna Sabalenka,Beatriz Haddad Maia,7 7,W
20260118,Madrid Masters,Masters 1000,Marketa Vondrousova,Belinda Bencic,6 6 4 13,W
20260120,French Open,Grand Slam,Lorenzo Musetti,Daniil Medvedev,7 6,M
20260122,Monte Carlo Masters,Masters 1000,Arthur Fils,Hubert Hurkacz,6 7,M
20260124,Cincinnati Masters,Masters 1000,Jessica Pegula,Madison Keys,6 7 4 13,W
20260126,Paris Masters,Masters 1000,Arthur Fils,Jakub Mensik,7 6,M
20260128,Wimbledon,Grand Slam,Diana Shnaider,Magdalena Fręch,7 6,W
20260130,Monte Carlo Masters,Masters 1000,Jasmine Paolini,Magdalena Fręch,6 7,W
20260201,Canada Masters,Masters 1000,Grigor Dimitrov,Felix Auger-Aliassime,6 6,M
20260203,Cincinnati Masters,Masters 1000,Grigor Dimitrov,Andriy Rublev,6 7 5 11,M
20260205,Miami Masters,Masters 1000,Felix Auger-Aliassime,Grigor Dimitrov,6 6,M
20260207,Australian Open,Grand Slam,Lorenzo Musetti,Felix Auger-Aliassime,6 7,M
20260209,Canada Masters,Masters 1000,Madison Keys,Coco Gauff,6 7,W
20260211,Madrid Masters,Masters 1000,Elena Rybakina,Iga Swiatek,7 6,W
20260213,Australian Open,Grand Slam,Tommy Paul,Sebastian Korda,6 7,M
20260215,Paris Masters,Masters 1000,Karolina Muchova,Beatriz Haddad Maia,6 6 4 13,W
20260217,Shanghai Masters,Masters 1000,Belinda Bencic,Jasmine Paolini,7 6,W
20260219,US Open,Grand Slam,Jessica Pegula,Belinda Bencic,6 7,W
20260221,Shanghai Masters,Masters 1000,Elena Rybakina,Jeļena Ostapenko,6 7,W
20260223,Rome Masters,Masters 1000,Aryna Sabalenka,Elena Rybakina,6 7 3 13,W
20260225,Monte Carlo Masters,Masters 1000,Elena Rybakina,Jasmine Paolini,6 7 3 12,W
20260227,US Open,Grand Slam,Belinda Bencic,Madison Keys,7 6 5 12,W
20260301,Shanghai Masters,Masters 1000,Daniil Medvedev,Casper Ruud,6 7,M
20260303,Canada Masters,Masters 1000,Daniil Medvedev,Alexander Zverev,7 6,M
20260305,Shanghai Masters,Masters 1000,Hubert Hurkacz,Grigor Dimitrov,7 6 5 12,M
20260307,Miami Masters,Masters 1000,Carlos Alcaraz,Jakub Mensik,7 7 3 10,M
20260309,US Open,Grand Slam,Amanda Anisimova,Diana Shnaider,6 7,W
20260311,Cincinnati Masters,Masters 1000,Iga Swiatek,Magdalena Fręch,7 6,W
20260313,French Open,Grand Slam,Jeļena Ostapenko,Jasmine Paolini,6 6 4 11,W
20260315,Cincinnati Masters,Masters 1000,Anna Karolina Schmiedlova,Madison Keys,7 7,W
20260317,Australian Open,Grand Slam,Stefanos Tsitsipas,Carlos Alcaraz,7 6,M
20260319,Cincinnati Masters,Masters 1000,Belinda Bencic,Madison Keys,6 6 3 10,W
20260321,US Open,Grand Slam,Jasmine Paolini,Amanda Anisimova,7 6 3 10,W
20260323,Shanghai Masters,Masters 1000,Taylor Fritz,Lorenzo Musetti,7 6,M
20260325,Madrid Masters,Masters 1000,Victoria Azarenka,Liudmila Samsonova,7 7,W
20260327,US Open,Grand Slam,Elena Rybakina,Diana Shnaider,6 6 3 10,W
20260329,Shanghai Masters,Masters 1000,Aryna Sabalenka,Diana Shnaider,6 6,W
20260331,French Open,Grand Slam,Alexander Zverev,Lorenzo Musetti,7 6,M
20260402,Canada Masters,Masters 1000,Daniil Medvedev,Lorenzo Musetti,6 7 3 11,M
20260404,Australian Open,Grand Slam,Lorenzo Musetti,Grigor Dimitrov,7 6 3 11,M
20260406,Shanghai Masters,Masters 1000,Belinda Bencic,Beatriz Haddad Maia,7 7,W
20260408,Canada Masters,Masters 1000,Jannik Sinner,Lorenzo Musetti,6 7 4 13,M
20260410,Madrid Masters,Masters 1000,Alexander Zverev,Tommy Paul,7 7,M
20260412,Wimbledon,Grand Slam,Jakub Mensik,Grigor Dimitrov,6 6,M
20260414,Paris Masters,Masters 1000,Ben Shelton,Alex de Minaur,6 7,M
20260416,Canada Masters,Masters 1000,Jasmine Paolini,Jeļena Ostapenko,6 7,W
20260418,Canada Masters,Masters 1000,Jasmine Paolini,Aryna Sabalenka,7 7 4 10,W
20260420,French Open,Grand Slam,Ben Shelton,Daniil Medvedev,6 7 4 11,M
20260422,Shanghai Masters,Masters 1000,Anna Karolina Schmiedlova,Elena Rybakina,6 7 4 13,W
20260424,Miami Masters,Masters 1000,Marketa Vondrousova,Elina Svitolina,7 6 4 13,W
20260426,Madrid Masters,Masters 1000,Jannik Sinner,Arthur Fils,6 7 4 12,M
20260428,Cincinnati Masters,Masters 1000,Carlos Alcaraz,Arthur Fils,7 7,M
20260430,Shanghai Masters,Masters 1000,Carlos Alcaraz,Alex de Minaur,7 6 4 12,M
20260502,Monte Carlo Masters,Masters 1000,Grigor Dimitrov,Taylor Fritz,7 7 5 10,M
20260504,US Open,Grand Slam,Casper Ruud,Stefanos Tsitsipas,7 6,M
20260506,Cincinnati Masters,Masters 1000,Aryna Sabalenka,Mirra Andreeva,6 7 4 11,W
20260508,Madrid Masters,Masters 1000,Daniil Medvedev,Stefanos Tsitsipas,6 6,M
20260510,Cincinnati Masters,Masters 1000,Jannik Sinner,Andriy Rublev,7 7,M
20260512,Rome Masters,Masters 1000,Mirra Andreeva,Karolina Muchova,7 7 5 11,W
20260514,Paris Masters,Masters 1000,Alexander Zverev,Andriy Rublev,7 6,M
20260516,Madrid Masters,Masters 1000,Hubert Hurkacz,Arthur Fils,6 6,M
20260518,Rome Masters,Masters 1000,Magdalena Fręch,Diana Shnaider,7 6,W
20260520,US Open,Grand Slam,Liudmila Samsonova,Magdalena Fręch,6 7,W
20260522,Rome Masters,Masters 1000,Elina Svitolina,Diana Shnaider,6 6,W
20260524,US Open,Grand Slam,Jannik Sinner,Casper Ruud,7 6,M
20260526,Paris Masters,Masters 1000,Anna Karolina Schmiedlova,Jeļena Ostapenko,7 6,W
20260528,French Open,Grand Slam,Iga Swiatek,Jasmine Paolini,6 7,W
20260530,Shanghai Masters,Masters 1000,Stefanos Tsitsipas,Grigor Dimitrov,7 6 4 13,M
20260601,Miami Masters,Masters 1000,Beatriz Haddad Maia,Amanda Anisimova,6 7 5 12,W
20260603,Miami Masters,Masters 1000,Karolina Muchova,Liudmila Samsonova,7 6,W
20260605,US Open,Grand Slam,Mirra Andreeva,Beatriz Haddad Maia,7 7 3 11,W
20260607,Shanghai Masters,Masters 1000,Jasmine Paolini,Jeļena Ostapenko,7 7 3 10,W
20260609,Paris Masters,Masters 1000,Magdalena Fręch,Madison Keys,7 6,W
20260611,Rome Masters,Masters 1000,Jasmine Paolini,Karolina Muchova,6 7,W
20260613,Cincinnati Masters,Masters 1000,Elena Rybakina,Diana Shnaider,6 6 5 11,W
20260615,Paris Masters,Masters 1000,Andriy Rublev,Daniil Medvedev,6 6,M
20260617,Madrid Masters,Masters 1000,Daniil Medvedev,Stefanos Tsitsipas,6 7 4 12,M
20260619,Wimbledon,Grand Slam,Jannik Sinner,Tommy Paul,6 7,M
20260621,Cincinnati Masters,Masters 1000,Grigor Dimitrov,Taylor Fritz,6 7 5 12,M
20260623,Australian Open,Grand Slam,Mirra Andreeva,Beatriz Haddad Maia,7 6 3 10,W
20260625,Australian Open,Grand Slam,Hubert Hurkacz,Grigor Dimitrov,7 6 4 12,M
20260627,Rome Masters,Masters 1000,Marketa Vondrousova,Madison Keys,7 6,W
20260629,Paris Masters,Masters 1000,Alex de Minaur,Taylor Fritz,7 7 4 10,M
20260701,Paris Masters,Masters 1000,Alexander Zverev,Daniil Medvedev,6 7,M
20260703,Monte Carlo Masters,Masters 1000,Daniil Medvedev,Lorenzo Musetti,7 7,M
20260705,Canada Masters,Masters 1000,Ben Shelton,Casper Ruud,6 7,M
20260707,US Open,Grand Slam,Daniil Medvedev,Tommy Paul,7 7,M
20260709,French Open,Grand Slam,Victoria Azarenka,Elina Svitolina,6 6,W
20260711,US Open,Grand Slam,Alex de Minaur,Sebastian Korda,6 7,M
20260713,Canada Masters,Masters 1000,Ben Shelton,Sebastian Korda,6 6,M
20260715,US Open,Grand Slam,Magdalena Fręch,Elina Svitolina,6 7 5 12,W
20260717,Canada Masters,Masters 1000,Elina Svitolina,Diana Shnaider,6 6,W
20260719,Cincinnati Masters,Masters 1000,Aryna Sabalenka,Marketa Vondrousova,7 6 4 13,W
20260721,Shanghai Masters,Masters 1000,Elina Svitolina,Aryna Sabalenka,7 6 5 10,W
20260723,Rome Masters,Masters 1000,Ben Shelton,Hubert Hurkacz,6 6,M
20260725,Paris Masters,Masters 1000,Jessica Pegula,Amanda Anisimova,7 7,W
20260727,Rome Masters,Masters 1000,Alexander Zverev,Daniil Medvedev,7 6 5 10,M
20260729,Shanghai Masters,Masters 1000,Carlos Alcaraz,Ben Shelton,7 6,M
20260731,Madrid Masters,Masters 1000,Felix Auger-Aliassime,Arthur Fils,6 7,M
20260802,Canada Masters,Masters 1000,Casper Ruud,Sebastian Korda,6 7,M
20260804,Australian Open,Grand Slam,Carlos Alcaraz,Lorenzo Musetti,6 7,M
20260806,US Open,Grand Slam,Jeļena Ostapenko,Madison Keys,7 6,W
20260808,Australian Open,Grand Slam,Karolina Muchova,Liudmila Samsonova,7 6 5 11,W
20260810,Australian Open,Grand Slam,Alexander Zverev,Grigor Dimitrov,7 7 3 13,M
20260812,Canada Masters,Masters 1000,Beatriz Haddad Maia,Anna Karolina Schmiedlova,6 7 3 12,W
20260814,US Open,Grand Slam,Coco Gauff,Beatriz Haddad Maia,6 7 5 11,W
20260816,Monte Carlo Masters,Masters 1000,Amanda Anisimova,Aryna Sabalenka,7 6,W
20260818,Monte Carlo Masters,Masters 1000,Belinda Bencic,Marketa Vondrousova,6 6 5 11,W
20260820,Monte Carlo Masters,Masters 1000,Coco Gauff,Victoria Azarenka,7 7 3 10,W
20260822,US Open,Grand Slam,Iga Swiatek,Marketa Vondrousova,7 7,W
20260824,Paris Masters,Masters 1000,Jannik Sinner,Jakub Mensik,6 7 5 11,M
20260826,Australian Open,Grand Slam,Elina Svitolina,Beatriz Haddad Maia,7 7 5 10,W
20260828,French Open,Grand Slam,Andriy Rublev,Sebastian Korda,7 6 4 13,M
20260830,Wimbledon,Grand Slam,Marketa Vondrousova,Magdalena Fręch,7 7,W
20260901,Rome Masters,Masters 1000,Elena Rybakina,Coco Gauff,7 7 5 13,W
20260903,French Open,Grand Slam,Taylor Fritz,Hubert Hurkacz,7 6 5 13,M
20260905,Monte Carlo Masters,Masters 1000,Jasmine Paolini,Elina Svitolina,7 7,W
20260907,Canada Masters,Masters 1000,Elena Rybakina,Diana Shnaider,6 6 5 11,W
20260909,Madrid Masters,Masters 1000,Aryna Sabalenka,Magdalena Fręch,7 7 5 13,W
20260911,Shanghai Masters,Masters 1000,Aryna Sabalenka,Coco Gauff,7 7 4 12,W
20260913,Rome Masters,Masters 1000,Jasmine Paolini,Madison Keys,6 7,W
20260915,Canada Masters,Masters 1000,Novak Djokovic,Ben Shelton,6 7 4 11,M
20260917,US Open,Grand Slam,Grigor Dimitrov,Andriy Rublev,6 6 5 11,M
20260919,Australian Open,Grand Slam,Tommy Paul,Felix Auger-Aliassime,7 7 3 11,M
20260921,Australian Open,Grand Slam,Jessica Pegula,Magdalena Fręch,7 7,W
20260923,Paris Masters,Masters 1000,Tommy Paul,Grigor Dimitrov,6 6 3 12,M
20260925,Rome Masters,Masters 1000,Daniil Medvedev,Alex de Minaur,6 7 3 12,M
